<exporter>
    <!-- identifier of the exporter -->
	<name>Defold</name>
	
	<!-- display name of the exporter for the combo box -->
	<displayName>Defold</displayName>
	
	<!-- description of the exporter -->
	<description>Exporter for Defold</description>

    <!-- exporter version -->
	<version>1.0</version>
	
	<!-- direction of the y-axis up / down -->
    <yAxisDirection>up</yAxisDirection>
    
    <!-- physics engine: box2d / chipmunk -->
	<physicsEngine>box2d</physicsEngine>
	
	<!-- name of the template -->
	<template>defpolys.convexshapes</template>
	
	<!-- file extension for the file to create -->
	<fileExtension>convexshapes</fileExtension>
	
	<!-- anchorpoint -->
	<anchorPoint>
	    <!-- does the system use anchor ponits ? -->
		<enabled>yes</enabled>
		
		<!-- default of the anchor point -->
		<relX>0.5</relX>		
		<relY>0.5</relY>
	</anchorPoint>
	
	<!-- origin of the coordinate system -->
    <origin>
        <!-- may be: anchorPoint or fixed -->
        <type>anchorPoint</type>
    </origin>
    
	<body>
		<parameter>
			<name>identifier</name>
			<displayName>Identifier</displayName>
			<type>string</type>
			<default>CollisionObject</default>
		</parameter>
		<parameter>
			<name>type_Dynamic</name>
			<displayName>type: Dynamic</displayName>
			<type>bool</type>
			<default>true</default>
		</parameter>
		<parameter>
			<name>type_Kinematic</name>
			<displayName>type: Kinematic</displayName>
			<type>bool</type>
			<default>false</default>
		</parameter>
		<parameter>
			<name>type_Static</name>
			<displayName>type: Static</displayName>
			<type>bool</type>
			<default>false</default>
		</parameter>
		<parameter>
			<name>type_Trigger</name>
			<displayName>type: Trigger</displayName>
			<type>bool</type>
			<default>false</default>
		</parameter>
	</body>

	<fixture>
		<parameter>
			<name>mass</name>
			<displayName>Mass</displayName>
			<type>float</type>
			<min>-0</min>
			<max>1000</max>
			<default>1</default>
		</parameter>
		<parameter>
			<name>friction</name>
			<displayName>Friction</displayName>
			<type>float</type>
			<min>0</min>
			<max>1000</max>
			<default>0.0</default>
		</parameter>
		<parameter>
			<name>restitution</name>
			<displayName>Restitution</displayName>
			<type>float</type>
			<min>0</min>
			<max>1000</max>
			<default>0.5</default>
		</parameter>
		<parameter>
			<name>linearDamping</name>
			<displayName>Linear Damping</displayName>
			<type>float</type>
			<min>0</min>
			<max>1000</max>
			<default>0</default>
		</parameter>
		<parameter>
			<name>angularDamping</name>
			<displayName>Angular Damping</displayName>
			<type>float</type>
			<min>0</min>
			<max>1000</max>
			<default>0</default>
		</parameter>
		<parameter>
			<name>lockedRotation</name>
			<displayName>Locked rotation</displayName>
			<type>bool</type>
			<default>no</default>
		</parameter>
	       <parameter>
	            <name>group</name>
	            <displayName>Group</displayName>
	            <description>Collision group.</description>
	            <shortDescription></shortDescription>
	            <type>uint16</type>
	            <default>0</default>
	       </parameter>
	       <parameter>
	            <name>mask</name>
	            <displayName>Mask</displayName>
	            <description>Collision mask</description>
	            <shortDescription>Collision mask</shortDescription>
	            <type>uint16</type>
	            <default>0</default>
	            <bitfield>no</bitfield>
	       </parameter>
        
	</fixture>
	
</exporter>

